time,open,high,low,close,volume,SMA_short,SMA_long,RSI
2026-02-19 09:00:00+00:00,154.816,154.866,154.816,154.862,271,,,
2026-02-19 09:01:00+00:00,154.86,154.868,154.854,154.856,181,,,
2026-02-19 09:02:00+00:00,154.856,154.867,154.852,154.852,155,,,
2026-02-19 09:03:00+00:00,154.854,154.858,154.844,154.857,118,,,
2026-02-19 09:04:00+00:00,154.86,154.86,154.818,154.826,121,,,
2026-02-19 09:05:00+00:00,154.828,154.831,154.792,154.818,214,,,
2026-02-19 09:06:00+00:00,154.818,154.837,154.816,154.818,145,,,
2026-02-19 09:07:00+00:00,154.819,154.844,154.816,154.838,94,,,
2026-02-19 09:08:00+00:00,154.836,154.847,154.82,154.847,131,,,
2026-02-19 09:09:00+00:00,154.846,154.854,154.83,154.834,95,,,
2026-02-19 09:10:00+00:00,154.834,154.847,154.821,154.822,170,,,
2026-02-19 09:11:00+00:00,154.821,154.83,154.804,154.829,164,,,
2026-02-19 09:12:00+00:00,154.828,154.851,154.824,154.842,119,,,
2026-02-19 09:13:00+00:00,154.844,154.876,154.843,154.875,112,,,54.03726708074765
2026-02-19 09:14:00+00:00,154.876,154.9,154.874,154.886,132,,,56.976744186048045
2026-02-19 09:15:00+00:00,154.887,154.932,154.884,154.929,173,,,67.46411483253979
2026-02-19 09:16:00+00:00,154.93,154.935,154.916,154.918,167,,,65.27777777777979
2026-02-19 09:17:00+00:00,154.917,154.921,154.903,154.906,160,,,60.98654708520402
2026-02-19 09:18:00+00:00,154.906,154.914,154.894,154.914,101,,,72.00000000000284
2026-02-19 09:19:00+00:00,154.914,154.942,154.912,154.934,123,154.86315,,77.35849056603571
2026-02-19 09:20:00+00:00,154.936,154.94,154.916,154.928,157,154.86645,,75.229357798163
2026-02-19 09:21:00+00:00,154.925,154.925,154.91,154.916,104,154.86945,,68.57142857142857
2026-02-19 09:22:00+00:00,154.916,154.952,154.915,154.94,192,154.87385,,70.66666666666481
2026-02-19 09:23:00+00:00,154.938,154.938,154.914,154.915,137,154.87675,,67.08860759493473
2026-02-19 09:24:00+00:00,154.915,154.948,154.915,154.948,196,154.88285,,74.4186046511628
2026-02-19 09:25:00+00:00,154.948,154.949,154.926,154.948,142,154.88935,,73.70517928286803
2026-02-19 09:26:00+00:00,154.948,154.954,154.939,154.949,168,154.8959,,72.38493723849317
2026-02-19 09:27:00+00:00,154.95,154.955,154.947,154.954,141,154.9017,,68.72037914692014
2026-02-19 09:28:00+00:00,154.954,154.976,154.952,154.963,164,154.9075,,68.42105263157822
2026-02-19 09:29:00+00:00,154.963,154.964,154.938,154.941,133,154.91285,,53.191489361702445
2026-02-19 09:30:00+00:00,154.94,154.94,154.917,154.937,102,154.9186,,55.24861878453238
2026-02-19 09:31:00+00:00,154.936,154.936,154.902,154.903,96,154.9223,,49.261083743838846
2026-02-19 09:32:00+00:00,154.902,154.928,154.902,154.927,139,154.92655000000002,,52.96803652968126
2026-02-19 09:33:00+00:00,154.924,154.924,154.878,154.88,118,154.92680000000001,,39.024390243902445
2026-02-19 09:34:00+00:00,154.88,154.896,154.878,154.892,135,154.9271,,42.857142857142854
2026-02-19 09:35:00+00:00,154.892,154.892,154.877,154.888,115,154.92505,,44.26229508196893
2026-02-19 09:36:00+00:00,154.886,154.904,154.868,154.894,171,154.92385,,39.82300884955919
2026-02-19 09:37:00+00:00,154.892,154.892,154.866,154.866,170,154.92185,,39.30131004367219
2026-02-19 09:38:00+00:00,154.866,154.896,154.866,154.892,154,154.92075,,37.38738738738203
2026-02-19 09:39:00+00:00,154.892,154.914,154.884,154.908,140,154.91945,,41.59663865545587
2026-02-19 09:40:00+00:00,154.909,154.917,154.904,154.916,97,154.91885000000002,,43.265306122444386
2026-02-19 09:41:00+00:00,154.916,154.916,154.902,154.904,52,154.91825,,40.07936507936097
2026-02-19 09:42:00+00:00,154.904,154.916,154.904,154.906,76,154.91655,,38.36734693877684
2026-02-19 09:43:00+00:00,154.906,154.906,154.866,154.878,116,154.91469999999998,,37.45019920318419
2026-02-19 09:44:00+00:00,154.875,154.875,154.866,154.87,107,154.91080000000002,,36.86274509803755
2026-02-19 09:45:00+00:00,154.87,154.871,154.856,154.859,108,154.90635,,40.51724137931288
2026-02-19 09:46:00+00:00,154.861,154.87,154.806,154.81,256,154.89939999999999,,27.237354085602945
2026-02-19 09:47:00+00:00,154.81,154.814,154.792,154.806,215,154.892,,32.71028037383314
2026-02-19 09:48:00+00:00,154.805,154.81,154.784,154.786,211,154.88315,,26.1261261261252
2026-02-19 09:49:00+00:00,154.784,154.785,154.754,154.783,240,154.87525,154.8834,26.244343891398998
2026-02-19 09:50:00+00:00,154.783,154.823,154.783,154.818,122,154.8693,154.88252,34.80000000000304
2026-02-19 09:51:00+00:00,154.818,154.819,154.793,154.794,148,154.86385,154.88128,35.365853658538285
2026-02-19 09:52:00+00:00,154.794,154.795,154.764,154.772,174,154.8561,154.87968,25.206611570254722
2026-02-19 09:53:00+00:00,154.77,154.784,154.766,154.77,147,154.85060000000001,154.87794000000002,19.736842105276935
2026-02-19 09:54:00+00:00,154.768,154.798,154.76,154.798,81,154.84589999999997,154.87738000000002,26.20967741936039
2026-02-19 09:55:00+00:00,154.799,154.834,154.798,154.83,164,154.84300000000002,154.87762,36.19402985075224
2026-02-19 09:56:00+00:00,154.83,154.832,154.802,154.807,131,154.83865,154.8774,32.8719723183403
2026-02-19 09:57:00+00:00,154.808,154.812,154.806,154.807,38,154.83570000000003,154.87678,36.39846743295332
2026-02-19 09:58:00+00:00,154.806,154.819,154.791,154.792,95,154.8307,154.87568000000002,35.447761194032424
2026-02-19 09:59:00+00:00,154.79,154.81,154.784,154.81,135,154.82580000000002,154.87519999999998,41.090909090909925
2026-02-19 10:00:00+00:00,154.808,154.82,154.785,154.785,238,154.81924999999998,154.87446000000003,45.0199203187252
2026-02-19 10:01:00+00:00,154.784,154.804,154.782,154.786,103,154.81334999999999,154.8736,45.96774193548303
2026-02-19 10:02:00+00:00,154.787,154.804,154.785,154.792,98,154.80765,154.8726,51.28205128205097
2026-02-19 10:03:00+00:00,154.794,154.813,154.743,154.771,439,154.8023,154.87052,47.61904761904816
2026-02-19 10:04:00+00:00,154.772,154.782,154.752,154.774,207,154.79749999999999,154.86828,40.0
2026-02-19 10:05:00+00:00,154.774,154.786,154.746,154.761,332,154.7926,154.86492,42.105263157893305
2026-02-19 10:06:00+00:00,154.76,154.798,154.759,154.792,268,154.7917,154.8624,54.587155963304134
2026-02-19 10:07:00+00:00,154.792,154.8,154.774,154.787,105,154.79075,154.86002,53.846153846151864
2026-02-19 10:08:00+00:00,154.786,154.8,154.784,154.792,99,154.79104999999998,154.85757999999998,48.48484848484892
2026-02-19 10:09:00+00:00,154.794,154.798,154.78,154.798,148,154.7918,154.85486,40.69767441860446
2026-02-19 10:10:00+00:00,154.795,154.802,154.788,154.802,159,154.791,154.85234,48.36601307189713
2026-02-19 10:11:00+00:00,154.8,154.811,154.784,154.793,178,154.79095,154.84987999999998,45.67901234568486
2026-02-19 10:12:00+00:00,154.792,154.808,154.786,154.804,158,154.79255,154.84716,53.797468354430144
2026-02-19 10:13:00+00:00,154.8,154.806,154.785,154.798,145,154.79395,154.84482,45.89041095890437
2026-02-19 10:14:00+00:00,154.796,154.809,154.794,154.808,120,154.79445,154.84202000000002,58.77862595419699
2026-02-19 10:15:00+00:00,154.808,154.824,154.808,154.824,121,154.79415,154.83954,63.01369863013939
2026-02-19 10:16:00+00:00,154.823,154.834,154.813,154.814,170,154.7945,154.83684000000002,57.33333333332879
2026-02-19 10:17:00+00:00,154.813,154.816,154.806,154.812,83,154.79475,154.834,65.64885496184166
2026-02-19 10:18:00+00:00,154.813,154.814,154.809,154.812,113,154.79575,154.83098,64.84375000000591
2026-02-19 10:19:00+00:00,154.81,154.824,154.809,154.824,68,154.79645,154.82864,74.80314960630943
2026-02-19 10:20:00+00:00,154.822,154.823,154.796,154.796,104,154.797,154.82582,51.612903225802754
2026-02-19 10:21:00+00:00,154.796,154.8,154.796,154.798,54,154.79760000000002,154.82371999999998,54.54545454545241
2026-02-19 10:22:00+00:00,154.797,154.804,154.784,154.804,149,154.7982,154.82126,54.91803278688486
2026-02-19 10:23:00+00:00,154.802,154.806,154.771,154.784,189,154.79885,154.81934,44.85294117646782
2026-02-19 10:24:00+00:00,154.786,154.807,154.786,154.806,115,154.80045,154.81762,51.29870129870706
2026-02-19 10:25:00+00:00,154.806,154.844,154.805,154.84,123,154.80440000000002,154.81666,63.12849162010659
2026-02-19 10:26:00+00:00,154.839,154.849,154.834,154.847,115,154.80715,154.81572,62.285714285711315
2026-02-19 10:27:00+00:00,154.846,154.858,154.843,154.846,76,154.81009999999998,154.81532,64.11764705881802
2026-02-19 10:28:00+00:00,154.847,154.848,154.82,154.831,132,154.81205,154.81410000000002,56.571428571423844
2026-02-19 10:29:00+00:00,154.83,154.831,154.81,154.814,137,154.81285,154.81222,47.15909090908659
2026-02-19 10:30:00+00:00,154.814,154.815,154.766,154.77,189,154.81125,154.8093,39.52380952381545
2026-02-19 10:31:00+00:00,154.77,154.798,154.77,154.785,152,154.81085000000002,154.80692000000002,43.94618834080489
2026-02-19 10:32:00+00:00,154.786,154.796,154.766,154.77,190,154.80915,154.8042,41.176470588236
2026-02-19 10:33:00+00:00,154.77,154.772,154.757,154.764,156,154.80745000000002,154.80192,37.06896551724244
2026-02-19 10:34:00+00:00,154.765,154.765,154.745,154.747,164,154.80440000000002,154.79946,38.91402714932639
2026-02-19 10:35:00+00:00,154.746,154.748,154.71,154.711,193,154.79874999999998,154.7965,32.941176470590065
2026-02-19 10:36:00+00:00,154.712,154.726,154.705,154.726,146,154.79435,154.79482,35.22727272727114
2026-02-19 10:37:00+00:00,154.725,154.725,154.712,154.712,66,154.78934999999998,154.79294000000002,36.046511627905446
2026-02-19 10:38:00+00:00,154.712,154.734,154.703,154.724,112,154.78495,154.7917,33.467741935476894
2026-02-19 10:39:00+00:00,154.724,154.748,154.713,154.742,152,154.78085,154.79088,28.879310344822088
2026-02-19 10:40:00+00:00,154.742,154.76,154.738,154.75,122,154.77855,154.78951999999998,29.184549356219193
2026-02-19 10:41:00+00:00,154.75,154.764,154.742,154.758,145,154.77655,154.78879999999998,31.666666666666472
2026-02-19 10:42:00+00:00,154.756,154.761,154.75,154.75,57,154.77385,154.78835999999998,32.618025751073546
2026-02-19 10:43:00+00:00,154.749,154.762,154.748,154.76,57,154.77265,154.78815999999998,38.05309734513073
2026-02-19 10:44:00+00:00,154.757,154.761,154.746,154.756,118,154.77015,154.78732,46.236559139781825
2026-02-19 10:45:00+00:00,154.757,154.758,154.742,154.745,123,154.7654,154.78562,39.01098901099047
2026-02-19 10:46:00+00:00,154.746,154.756,154.736,154.75,107,154.76055000000002,154.78448,44.18604651162483
2026-02-19 10:47:00+00:00,154.75,154.762,154.747,154.75,116,154.75575,154.78334,45.78313253011739
2026-02-19 10:48:00+00:00,154.75,154.75,154.734,154.734,94,154.7509,154.78218,46.060606060604286
2026-02-19 10:49:00+00:00,154.735,154.75,154.727,154.747,86,154.74755,154.78092,62.67605633802902
2026-02-19 10:50:00+00:00,154.746,154.748,154.738,154.746,128,154.74635,154.78014,57.812500000003126
2026-02-19 10:51:00+00:00,154.746,154.749,154.71,154.712,101,154.74269999999999,154.77866,50.0
2026-02-19 10:52:00+00:00,154.712,154.721,154.678,154.682,180,154.7383,154.77646000000001,37.34939759036289
2026-02-19 10:53:00+00:00,154.681,154.7,154.68,154.698,140,154.73499999999999,154.775,36.58536585366742
2026-02-19 10:54:00+00:00,154.696,154.7,154.66,154.664,170,154.73085,154.77280000000002,27.36842105263473
2026-02-19 10:55:00+00:00,154.668,154.702,154.667,154.701,154,154.73035,154.7716,36.9863013698623
2026-02-19 10:56:00+00:00,154.7,154.722,154.7,154.722,92,154.73015,154.77020000000002,43.965517241382585
2026-02-19 10:57:00+00:00,154.718,154.718,154.696,154.698,138,154.72944999999999,154.76842,37.398373983746595
2026-02-19 10:58:00+00:00,154.698,154.706,154.696,154.7,130,154.72825,154.76658,38.52459016393471
2026-02-19 10:59:00+00:00,154.7,154.71,154.696,154.708,153,154.72655,154.76478,42.32365145228314
2026-02-19 11:00:00+00:00,154.708,154.724,154.702,154.718,234,154.72495,154.7631,43.49593495934917
2026-02-19 11:01:00+00:00,154.719,154.719,154.674,154.676,204,154.72084999999998,154.76076,37.15277777777867
2026-02-19 11:02:00+00:00,154.674,154.689,154.65,154.686,183,154.71765,154.7584,41.48936170213023
2026-02-19 11:03:00+00:00,154.688,154.694,154.67,154.676,204,154.71345000000002,154.75596,37.275985663082736
2026-02-19 11:04:00+00:00,154.676,154.69,154.666,154.674,206,154.70935,154.75328,37.14285714286062
2026-02-19 11:05:00+00:00,154.674,154.686,154.671,154.686,218,154.70639999999997,154.75052,44.9612403100823
2026-02-19 11:06:00+00:00,154.686,154.71,154.68,154.698,192,154.7038,154.7482,53.3333333333365
2026-02-19 11:07:00+00:00,154.699,154.705,154.676,154.693,181,154.70094999999998,154.74582,48.90829694323264
2026-02-19 11:08:00+00:00,154.694,154.698,154.672,154.684,165,154.69845,154.74326,54.90196078431537
2026-02-19 11:09:00+00:00,154.682,154.686,154.664,154.667,147,154.69445000000002,154.74012000000002,40.760869565220915
2026-02-19 11:10:00+00:00,154.668,154.67,154.66,154.668,130,154.69055,154.73756,33.53658536585462
2026-02-19 11:11:00+00:00,154.667,154.677,154.665,154.669,103,154.6884,154.73498,39.716312056740314
2026-02-19 11:12:00+00:00,154.67,154.674,154.657,154.663,81,154.68744999999998,154.73216,37.24137931035591
2026-02-19 11:13:00+00:00,154.664,154.666,154.644,154.664,121,154.68575,154.72976,34.057971014489326
2026-02-19 11:14:00+00:00,154.664,154.673,154.655,154.673,143,154.6862,154.7271,33.57664233577445
2026-02-19 11:15:00+00:00,154.672,154.674,154.644,154.667,181,154.6845,154.72364,45.54455445545363
2026-02-19 11:16:00+00:00,154.668,154.67,154.646,154.646,167,154.6807,154.71962,32.14285714285171
2026-02-19 11:17:00+00:00,154.644,154.657,154.626,154.656,150,154.67860000000002,154.71582,41.071428571438545
2026-02-19 11:18:00+00:00,154.656,154.67,154.639,154.67,113,154.6771,154.71259999999998,48.387096774186155
2026-02-19 11:19:00+00:00,154.671,154.702,154.668,154.7,151,154.67669999999998,154.71032000000002,54.92957746478141
2026-02-19 11:20:00+00:00,154.698,154.716,154.693,154.708,86,154.6762,154.70908,53.62318840579292
2026-02-19 11:21:00+00:00,154.708,154.714,154.688,154.698,81,154.6773,154.70734000000002,51.748251748249814
2026-02-19 11:22:00+00:00,154.698,154.698,154.684,154.688,99,154.67739999999998,154.7057,51.388888888885326
2026-02-19 11:23:00+00:00,154.689,154.689,154.67,154.676,94,154.67739999999998,154.70394,53.23741007193657
2026-02-19 11:24:00+00:00,154.675,154.676,154.656,154.657,55,154.67655,154.70213999999999,46.49681528662582
2026-02-19 11:25:00+00:00,154.658,154.674,154.657,154.674,78,154.67595,154.7014,51.445086705200985
2026-02-19 11:26:00+00:00,154.674,154.68,154.67,154.677,146,154.6749,154.70042,54.11764705881841
2026-02-19 11:27:00+00:00,154.676,154.691,154.638,154.651,94,154.6728,154.6992,46.6666666666725
2026-02-19 11:28:00+00:00,154.65,154.65,154.626,154.638,209,154.6705,154.69748,41.20603015075391
2026-02-19 11:29:00+00:00,154.638,154.648,154.631,154.632,171,154.66875,154.69528,41.20603015075391
2026-02-19 11:30:00+00:00,154.63,154.674,154.63,154.652,207,154.66795,154.69332,51.515151515151956
2026-02-19 11:31:00+00:00,154.652,154.674,154.652,154.664,165,154.66770000000002,154.69144,51.99999999999602
2026-02-19 11:32:00+00:00,154.664,154.678,154.662,154.676,125,154.66835,154.68996,51.515151515151956
2026-02-19 11:33:00+00:00,154.675,154.678,154.665,154.675,90,154.66889999999998,154.68826,42.603550295861474
2026-02-19 11:34:00+00:00,154.676,154.684,154.662,154.662,109,154.66835,154.68637999999999,36.781609195398545
2026-02-19 11:35:00+00:00,154.662,154.662,154.651,154.656,130,154.6678,154.6846,37.6470588235239
2026-02-19 11:36:00+00:00,154.652,154.664,154.652,154.661,115,154.66855,154.68282,41.81818181818119
2026-02-19 11:37:00+00:00,154.662,154.692,154.662,154.691,139,154.6703,154.68164000000002,54.09836065574381
2026-02-19 11:38:00+00:00,154.69,154.716,154.682,154.713,165,154.67245,154.68122,65.05376344086201
2026-02-19 11:39:00+00:00,154.712,154.712,154.704,154.71,129,154.67295000000001,154.68048000000002,60.465116279075524
2026-02-19 11:40:00+00:00,154.714,154.723,154.686,154.688,199,154.67194999999998,154.67932000000002,52.879581151832156
2026-02-19 11:41:00+00:00,154.687,154.7,154.686,154.698,121,154.67195,154.67904,63.42857142857189
2026-02-19 11:42:00+00:00,154.698,154.7,154.686,154.698,76,154.67245,154.67936,68.51851851852177
2026-02-19 11:43:00+00:00,154.698,154.712,154.694,154.712,100,154.67425,154.67964,73.52941176470686
2026-02-19 11:44:00+00:00,154.712,154.715,154.702,154.702,76,154.67649999999998,154.6804,65.62500000000665
2026-02-19 11:45:00+00:00,154.702,154.702,154.661,154.662,223,154.6759,154.67962,49.46808510638789
2026-02-19 11:46:00+00:00,154.662,154.677,154.662,154.676,153,154.67585,154.67870000000002,50.0
2026-02-19 11:47:00+00:00,154.676,154.688,154.654,154.659,109,154.67625,154.67792,46.11650485436344
2026-02-19 11:48:00+00:00,154.658,154.682,154.658,154.679,115,154.6783,154.6775,53.99061032863819
2026-02-19 11:49:00+00:00,154.678,154.678,154.648,154.652,227,154.6793,154.67638,49.14529914529499
2026-02-19 11:50:00+00:00,154.651,154.652,154.608,154.63,242,154.6782,154.67462,43.82470119521736
2026-02-19 11:51:00+00:00,154.633,154.634,154.611,154.612,151,154.67559999999997,154.67334,33.47280334727705
2026-02-19 11:52:00+00:00,154.612,154.613,154.576,154.58,238,154.67079999999999,154.67122,23.293172690763228
2026-02-19 11:53:00+00:00,154.58,154.602,154.578,154.602,207,154.66715000000002,154.66974,29.850746268653864
2026-02-19 11:54:00+00:00,154.602,154.614,154.6,154.612,173,154.66465,154.6685,35.15624999999801
2026-02-19 11:55:00+00:00,154.612,154.614,154.604,154.604,118,154.66205,154.66685999999999,31.496062992120258
2026-02-19 11:56:00+00:00,154.604,154.608,154.588,154.588,181,154.65839999999997,154.66466,29.629629629621448
2026-02-19 11:57:00+00:00,154.588,154.63,154.588,154.627,167,154.6552,154.66333999999998,35.59322033898452
2026-02-19 11:58:00+00:00,154.628,154.64,154.622,154.631,80,154.65109999999999,154.66228,37.716262975777155
2026-02-19 11:59:00+00:00,154.63,154.632,154.628,154.628,119,154.647,154.6615,43.253968253963734
2026-02-19 12:00:00+00:00,154.627,154.632,154.605,154.616,223,154.6434,154.66046,38.00000000000387
2026-02-19 12:01:00+00:00,154.617,154.617,154.548,154.548,332,154.6359,154.65804,31.561461794020843
2026-02-19 12:02:00+00:00,154.546,154.557,154.544,154.546,208,154.6283,154.6557,26.501766784449487
2026-02-19 12:03:00+00:00,154.547,154.568,154.544,154.564,248,154.6209,154.65370000000001,33.94160583941557
2026-02-19 12:04:00+00:00,154.563,154.566,154.554,154.56,130,154.61380000000003,154.65143999999998,36.32812499999983
2026-02-19 12:05:00+00:00,154.56,154.56,154.546,154.557,124,154.60854999999998,154.64924000000002,38.589211618255156
2026-02-19 12:06:00+00:00,154.558,154.602,154.554,154.588,236,154.60415,154.64808000000002,51.666666666662714
2026-02-19 12:07:00+00:00,154.588,154.602,154.584,154.595,117,154.60094999999998,154.64686,48.44444444444349
2026-02-19 12:08:00+00:00,154.596,154.606,154.588,154.595,124,154.59675,154.64536,46.046511627908515
2026-02-19 12:09:00+00:00,154.596,154.603,154.591,154.595,112,154.59390000000002,154.64326,47.82608695651875
2026-02-19 12:10:00+00:00,154.598,154.618,154.596,154.615,130,154.59315,154.6414,56.39810426540521
2026-02-19 12:11:00+00:00,154.614,154.64,154.614,154.639,160,154.59449999999998,154.64022,53.06122448979562
2026-02-19 12:12:00+00:00,154.64,154.648,154.628,154.636,103,154.5973,154.63918,51.28205128204979
2026-02-19 12:13:00+00:00,154.636,154.654,154.632,154.634,105,154.5989,154.63834,51.546391752577016
2026-02-19 12:14:00+00:00,154.634,154.642,154.631,154.637,115,154.60015,154.63794,55.67567567566936
2026-02-19 12:15:00+00:00,154.636,154.648,154.628,154.628,121,154.60135,154.63702,81.74603174600274
2026-02-19 12:16:00+00:00,154.628,154.629,154.616,154.622,104,154.60305,154.63592,79.23076923076587
2026-02-19 12:17:00+00:00,154.623,154.627,154.616,154.618,69,154.6026,154.63526,73.27586206895221
2026-02-19 12:18:00+00:00,154.618,154.65,154.609,154.648,141,154.60345,154.63546,80.98591549293788
2026-02-19 12:19:00+00:00,154.648,154.65,154.624,154.626,126,154.60335,154.63533999999999,71.42857142856892
2026-02-19 12:20:00+00:00,154.625,154.638,154.625,154.636,115,154.60435,154.63502,67.1428571428525
2026-02-19 12:21:00+00:00,154.637,154.639,154.628,154.631,171,154.6085,154.63436,63.04347826086688
2026-02-19 12:22:00+00:00,154.63,154.63,154.602,154.604,131,154.6114,154.63291999999998,52.7272727272768
2026-02-19 12:23:00+00:00,154.604,154.613,154.59,154.592,105,154.6128,154.63126,49.152542372885435
2026-02-19 12:24:00+00:00,154.591,154.612,154.591,154.61,99,154.6153,154.63022,48.57142857142996
2026-02-19 12:25:00+00:00,154.61,154.62,154.6,154.618,124,154.61835000000002,154.62946,43.39622641508929
2026-02-19 12:26:00+00:00,154.618,154.642,154.617,154.633,123,154.6206,154.62890000000002,49.12280701754794
2026-02-19 12:27:00+00:00,154.634,154.637,154.628,154.633,96,154.6225,154.62774,49.704142011841284
2026-02-19 12:28:00+00:00,154.632,154.644,154.632,154.643,83,154.6249,154.62634,51.704545454545915
2026-02-19 12:29:00+00:00,154.643,154.644,154.639,154.643,52,154.62730000000002,154.625,54.49101796407777
2026-02-19 12:30:00+00:00,154.641,154.66,154.631,154.651,113,154.6291,154.62426,58.57988165680454
2026-02-19 12:31:00+00:00,154.65,154.682,154.65,154.68,129,154.63115,154.62390000000002,65.97938144330531
2026-02-19 12:32:00+00:00,154.682,154.688,154.661,154.676,138,154.63315000000003,154.62346,58.33333333333192
2026-02-19 12:33:00+00:00,154.677,154.688,154.66,154.663,115,154.6346,154.62248,61.635220125790774
2026-02-19 12:34:00+00:00,154.662,154.674,154.653,154.666,133,154.63605,154.62176000000002,59.86842105263466
2026-02-19 12:35:00+00:00,154.668,154.705,154.668,154.702,159,154.63975,154.62256,69.39890710382836
2026-02-19 12:36:00+00:00,154.703,154.704,154.679,154.688,125,154.64305,154.62279999999998,74.70588235293557
2026-02-19 12:37:00+00:00,154.688,154.703,154.687,154.7,141,154.64715,154.62362,81.76470588234812
2026-02-19 12:38:00+00:00,154.702,154.726,154.702,154.726,123,154.65105,154.62456,82.58426966291776
2026-02-19 12:39:00+00:00,154.727,154.73,154.706,154.729,133,154.6562,154.62609999999998,82.08092485549105
2026-02-19 12:40:00+00:00,154.73,154.73,154.714,154.72,160,154.6604,154.62789999999998,76.04790419160882
2026-02-19 12:41:00+00:00,154.72,154.724,154.712,154.714,91,154.66455000000002,154.62993999999998,73.41040462427014
2026-02-19 12:42:00+00:00,154.708,154.708,154.7,154.702,134,154.66945,154.63237999999998,66.85714285713831
2026-02-19 12:43:00+00:00,154.701,154.714,154.7,154.714,132,154.67555,154.63461999999998,68.9839572192467
2026-02-19 12:44:00+00:00,154.715,154.726,154.705,154.714,142,154.68075,154.63666,67.59776536312219
2026-02-19 12:45:00+00:00,154.716,154.719,154.707,154.718,110,154.68575,154.63894,62.33766233765466
2026-02-19 12:46:00+00:00,154.718,154.731,154.714,154.728,115,154.6905,154.64174,66.250000000004
2026-02-19 12:47:00+00:00,154.728,154.752,154.725,154.748,172,154.69625,154.64416,75.44910179639649
2026-02-19 12:48:00+00:00,154.748,154.761,154.73,154.76,163,154.7021,154.64674,76.70454545453701
2026-02-19 12:49:00+00:00,154.758,154.782,154.756,154.77,214,154.70845,154.64958000000001,72.66666666666123
2026-02-19 12:50:00+00:00,154.771,154.788,154.768,154.782,170,154.715,154.65290000000002,81.75675675675299
2026-02-19 12:51:00+00:00,154.782,154.788,154.774,154.78,143,154.72,154.65753999999998,78.9855072463683
2026-02-19 12:52:00+00:00,154.78,154.792,154.776,154.778,156,154.72510000000003,154.66218,72.80701754384413
2026-02-19 12:53:00+00:00,154.778,154.784,154.761,154.778,181,154.73084999999998,154.66646,72.07207207205292
2026-02-19 12:54:00+00:00,154.778,154.792,154.778,154.786,151,154.73685,154.67098,79.99999999998967
2026-02-19 12:55:00+00:00,154.786,154.796,154.782,154.796,161,154.74155,154.67576,85.96491228068864
2026-02-19 12:56:00+00:00,154.794,154.797,154.786,154.792,199,154.74675,154.67984,92.45283018867165
2026-02-19 12:57:00+00:00,154.793,154.809,154.791,154.798,237,154.75164999999998,154.6839,91.99999999999204
2026-02-19 12:58:00+00:00,154.798,154.811,154.796,154.804,209,154.75555,154.68808,92.45283018867165
2026-02-19 12:59:00+00:00,154.804,154.817,154.802,154.804,137,154.7593,154.69226,92.15686274509093
2026-02-19 13:00:00+00:00,154.803,154.811,154.795,154.808,224,154.76370000000003,154.69612,91.6666666666568
2026-02-19 13:01:00+00:00,154.808,154.812,154.797,154.81,233,154.76850000000002,154.69953999999998,89.74358974358134
2026-02-19 13:02:00+00:00,154.81,154.824,154.809,154.819,175,154.77435,154.7032,89.33333333332273
2026-02-19 13:03:00+00:00,154.818,154.842,154.815,154.842,142,154.78075,154.70736,90.9090909090821
2026-02-19 13:04:00+00:00,154.843,154.844,154.821,154.83,137,154.78655,154.71122,77.2727272727214
2026-02-19 13:05:00+00:00,154.83,154.85,154.83,154.835,164,154.7924,154.71536,80.21978021978126
2026-02-19 13:06:00+00:00,154.834,154.848,154.829,154.848,148,154.79840000000002,154.71988,84.31372549020537
2026-02-19 13:07:00+00:00,154.848,154.852,154.834,154.848,278,154.8034,154.72447999999997,84.31372549020537
2026-02-19 13:08:00+00:00,154.848,154.86,154.834,154.86,211,154.8084,154.72872,84.90566037736608
2026-02-19 13:09:00+00:00,154.86,154.886,154.858,154.883,260,154.81405,154.73386,86.55462184874692
2026-02-19 13:10:00+00:00,154.882,154.906,154.877,154.89,207,154.81945,154.73894,90.16393442622798
2026-02-19 13:11:00+00:00,154.89,154.904,154.884,154.886,200,154.82475,154.74404,86.6666666666714
2026-02-19 13:12:00+00:00,154.886,154.91,154.882,154.908,236,154.83125,154.75012,88.23529411765075
2026-02-19 13:13:00+00:00,154.908,154.922,154.896,154.906,140,154.83765,154.7564,86.95652173914566
2026-02-19 13:14:00+00:00,154.907,154.909,154.893,154.904,277,154.84355,154.76228,85.29411764706866
2026-02-19 13:15:00+00:00,154.904,154.919,154.894,154.9,206,154.84875000000002,154.76792,82.60869565218735
2026-02-19 13:16:00+00:00,154.902,154.914,154.892,154.893,131,154.8538,154.77312,77.20588235295224
2026-02-19 13:17:00+00:00,154.894,154.914,154.894,154.897,136,154.85875000000001,154.7784,73.50427350427765
2026-02-19 13:18:00+00:00,154.898,154.915,154.897,154.913,150,154.8642,154.78379999999999,84.29752066116984
2026-02-19 13:19:00+00:00,154.914,154.914,154.9,154.908,136,154.86939999999998,154.7891,80.16528925619447
2026-02-19 13:20:00+00:00,154.908,154.926,154.896,154.919,225,154.87494999999998,154.79446,79.83193277310845
2026-02-19 13:21:00+00:00,154.918,154.922,154.906,154.918,195,154.88035,154.79922,79.16666666666272
2026-02-19 13:22:00+00:00,154.918,154.932,154.917,154.928,134,154.8858,154.80426,78.81355932202818
2026-02-19 13:23:00+00:00,154.928,154.938,154.907,154.907,224,154.88905,154.80913999999999,60.34482758620859
2026-02-19 13:24:00+00:00,154.906,154.908,154.848,154.858,246,154.89045,154.81297999999998,39.87341772152559
2026-02-19 13:25:00+00:00,154.858,154.866,154.84,154.852,218,154.8913,154.81598,39.37500000000423
2026-02-19 13:26:00+00:00,154.854,154.856,154.827,154.831,171,154.89045,154.81884,25.78616352202056
2026-02-19 13:27:00+00:00,154.832,154.844,154.831,154.842,126,154.89015,154.82168000000001,30.95238095239344
2026-02-19 13:28:00+00:00,154.842,154.858,154.84,154.85,85,154.88965,154.82416,34.482758620694725
2026-02-19 13:29:00+00:00,154.85,154.865,154.824,154.825,179,154.88675,154.82608,30.76923076923414
2026-02-19 13:30:00+00:00,154.825,154.949,154.825,154.91,676,154.88775,154.82988,53.11355311355143
2026-02-19 13:31:00+00:00,154.909,154.934,154.903,154.904,243,154.88865,154.83368000000002,51.27272727272776
2026-02-19 13:32:00+00:00,154.904,154.942,154.896,154.938,249,154.89015,154.8384,54.26621160409076
2026-02-19 13:33:00+00:00,154.938,154.966,154.934,154.952,340,154.89245,154.84316,57.28476821192119
2026-02-19 13:34:00+00:00,154.953,154.957,154.901,154.94,318,154.89425,154.84768,53.465346534650955
2026-02-19 13:35:00+00:00,154.942,154.962,154.933,154.954,391,154.89695,154.8524,55.69620253164523
2026-02-19 13:36:00+00:00,154.952,154.952,154.926,154.94,185,154.8993,154.85664,51.87499999999978
2026-02-19 13:37:00+00:00,154.945,154.949,154.93,154.93,188,154.90095,154.86028,53.72168284789517
2026-02-19 13:38:00+00:00,154.928,154.962,154.926,154.928,260,154.90169999999998,154.86364,63.358778625949974
2026-02-19 13:39:00+00:00,154.928,154.934,154.896,154.898,224,154.9012,154.86620000000002,58.041958041955056
2026-02-19 13:40:00+00:00,154.897,154.897,154.876,154.882,246,154.89935,154.8682,59.07473309608717
2026-02-19 13:41:00+00:00,154.882,154.938,154.878,154.935,219,154.90019999999998,154.87130000000002,64.39628482971938
2026-02-19 13:42:00+00:00,154.936,154.995,154.934,154.98,237,154.9028,154.87534,68.05555555555424
2026-02-19 13:43:00+00:00,154.982,154.996,154.976,154.988,154,154.90685,154.87954,73.76093294460678
2026-02-19 13:44:00+00:00,154.988,154.997,154.98,154.997,128,154.9138,154.88376,66.29213483146248
2026-02-19 13:45:00+00:00,154.996,155.044,154.992,155.034,320,154.92289999999997,154.88852,71.81208053691185
2026-02-19 13:46:00+00:00,155.03,155.03,155.01,155.012,161,154.93195,154.89292,62.93706293706502
2026-02-19 13:47:00+00:00,155.011,155.017,154.968,154.97,203,154.93835,154.89636000000002,52.86624203821673
2026-02-19 13:48:00+00:00,154.969,154.97,154.912,154.914,376,154.94155,154.89856,46.36871508379747
2026-02-19 13:49:00+00:00,154.914,154.917,154.843,154.858,365,154.9432,154.89964,37.99999999999886
2026-02-19 13:50:00+00:00,154.86,154.882,154.813,154.823,244,154.93885,154.89994,36.10451306413298
2026-02-19 13:51:00+00:00,154.822,154.862,154.822,154.852,283,154.93625,154.90078000000003,41.13636363636268
2026-02-19 13:52:00+00:00,154.854,154.869,154.807,154.826,401,154.93064999999999,154.90092,39.00862068965405
2026-02-19 13:53:00+00:00,154.824,154.844,154.796,154.842,316,154.92515,154.90092,43.77777777777949
2026-02-19 13:54:00+00:00,154.844,154.89,154.834,154.868,323,154.92155,154.90168000000003,48.47826086956407
2026-02-19 13:55:00+00:00,154.867,154.88,154.856,154.857,241,154.9167,154.90212000000002,40.669856459329296
2026-02-19 13:56:00+00:00,154.858,154.884,154.838,154.868,427,154.9131,154.90252,35.41666666666683
2026-02-19 13:57:00+00:00,154.868,154.894,154.868,154.882,253,154.9107,154.90320000000003,36.41025641025663
2026-02-19 13:58:00+00:00,154.88,154.91,154.872,154.902,321,154.9094,154.90404,38.154613466329394
2026-02-19 13:59:00+00:00,154.902,154.929,154.9,154.917,196,154.91035,154.90472,34.5646437994732
2026-02-19 14:00:00+00:00,154.916,154.933,154.896,154.93,343,154.91275000000002,154.90552,38.918918918919914
2026-02-19 14:01:00+00:00,154.931,154.934,154.904,154.927,263,154.91235,154.90634,43.504531722053756
2026-02-19 14:02:00+00:00,154.926,154.964,154.915,154.944,248,154.91055,154.90706,55.13698630137004
2026-02-19 14:03:00+00:00,154.946,154.985,154.946,154.953,272,154.9088,154.908,69.38775510203797
2026-02-19 14:04:00+00:00,154.952,154.992,154.952,154.99,246,154.90845,154.90972000000002,83.80566801618883
2026-02-19 14:05:00+00:00,154.99,155.029,154.977,155.025,246,154.90800000000002,154.91222,84.18972332015268
2026-02-19 14:06:00+00:00,155.026,155.041,155.018,155.04,214,154.9094,154.91516,94.21487603305417
2026-02-19 14:07:00+00:00,155.038,155.076,155.034,155.048,321,154.9133,154.91818,94.01709401708997
2026-02-19 14:08:00+00:00,155.049,155.058,155.044,155.053,241,154.92025,154.92098,93.42723004694435
2026-02-19 14:09:00+00:00,155.054,155.055,155.034,155.036,175,154.92915,154.92354,90.86757990867207
2026-02-19 14:10:00+00:00,155.04,155.056,155.007,155.036,391,154.9398,154.92588,90.3846153846117
2026-02-19 14:11:00+00:00,155.036,155.049,155.032,155.047,346,154.94955,154.92846,90.24390243901999
2026-02-19 14:12:00+00:00,155.046,155.063,155.046,155.06,301,154.96125,154.9311,89.89898989898657
2026-02-19 14:13:00+00:00,155.061,155.134,155.058,155.125,248,154.97539999999998,154.93546,91.93548387096423
2026-02-19 14:14:00+00:00,155.124,155.219,155.106,155.166,539,154.9903,154.94162,92.75362318840237
2026-02-19 14:15:00+00:00,155.168,155.184,155.109,155.145,287,155.0047,154.94748,87.07482993197799
2026-02-19 14:16:00+00:00,155.146,155.174,155.142,155.15,325,155.0188,154.95386,86.52482269504083
2026-02-19 14:17:00+00:00,155.15,155.166,155.144,155.157,205,155.03255000000001,154.96016,86.42857142857636
2026-02-19 14:18:00+00:00,155.158,155.169,155.125,155.125,292,155.0437,154.96566,74.54545454545492
2026-02-19 14:19:00+00:00,155.124,155.156,155.117,155.156,273,155.05565,154.97228,74.16974169741822
2026-02-19 14:20:00+00:00,155.158,155.187,155.158,155.182,252,155.06824999999998,154.97771999999998,75.17730496453987
2026-02-19 14:21:00+00:00,155.182,155.214,155.172,155.206,259,155.0822,154.98376,76.51006711409416
2026-02-19 14:22:00+00:00,155.212,155.24,155.18,155.234,340,155.0967,154.98968000000002,78.19314641744747
2026-02-19 14:23:00+00:00,155.235,155.262,155.228,155.248,392,155.11145,154.9956,83.33333333333333
2026-02-19 14:24:00+00:00,155.248,155.25,155.216,155.25,269,155.12445,155.0018,83.4375000000005
2026-02-19 14:25:00+00:00,155.257,155.268,155.238,155.24,336,155.1352,155.00752,80.25078369906254
2026-02-19 14:26:00+00:00,155.24,155.266,155.226,155.264,292,155.1464,155.014,80.90909090909358
2026-02-19 14:27:00+00:00,155.263,155.272,155.238,155.268,367,155.1574,155.02076,76.57992565056001
2026-02-19 14:28:00+00:00,155.27,155.282,155.265,155.274,295,155.16844999999998,155.02768,73.07692307692588
2026-02-19 14:29:00+00:00,155.276,155.28,155.248,155.273,316,155.1803,155.03518,79.90654205607166
2026-02-19 14:30:00+00:00,155.272,155.284,155.236,155.273,452,155.19215000000003,155.043,79.42583732057143
2026-02-19 14:31:00+00:00,155.274,155.276,155.226,155.248,361,155.2022,155.04926,70.04405286343132
2026-02-19 14:32:00+00:00,155.248,155.26,155.184,155.184,268,155.2084,155.05334000000002,61.38996138996152
2026-02-19 14:33:00+00:00,155.186,155.212,155.174,155.19,466,155.21165000000002,155.05738,57.264957264956124
2026-02-19 14:34:00+00:00,155.194,155.247,155.184,155.207,349,155.2137,155.06158000000002,55.55555555555696
2026-02-19 14:35:00+00:00,155.206,155.232,155.2,155.228,511,155.21785,155.06546,54.95495495495922
2026-02-19 14:36:00+00:00,155.23,155.23,155.177,155.22,532,155.22135,155.06962,46.53465346534403
2026-02-19 14:37:00+00:00,155.22,155.244,155.192,155.197,472,155.22334999999998,155.07416,37.91469194313161
2026-02-19 14:38:00+00:00,155.196,155.202,155.162,155.168,443,155.22549999999998,155.07924,32.773109243698784
2026-02-19 14:39:00+00:00,155.169,155.198,155.162,155.192,350,155.22729999999999,155.08592000000002,40.47619047619048
2026-02-19 14:40:00+00:00,155.191,155.218,155.179,155.212,472,155.2288,155.09369999999998,39.516129032253446
2026-02-19 14:41:00+00:00,155.211,155.215,155.192,155.2,377,155.2285,155.10065999999998,36.718749999997655
2026-02-19 14:42:00+00:00,155.201,155.201,155.151,155.158,408,155.2247,155.1073,30.1369863013676
2026-02-19 14:43:00+00:00,155.158,155.184,155.125,155.136,469,155.2191,155.11318,28.11501597444
2026-02-19 14:44:00+00:00,155.136,155.153,155.126,155.126,353,155.2129,155.11834,27.244582043343513
2026-02-19 14:45:00+00:00,155.128,155.155,155.114,155.152,393,155.20850000000002,155.12424,35.18518518518259
2026-02-19 14:46:00+00:00,155.152,155.162,155.137,155.145,411,155.20255,155.12978,42.69662921348386
2026-02-19 14:47:00+00:00,155.146,155.182,155.128,155.179,276,155.1981,155.13572,48.135593220339274
2026-02-19 14:48:00+00:00,155.177,155.178,155.13,155.156,369,155.1922,155.1408,41.52823920265791
2026-02-19 14:49:00+00:00,155.156,155.186,155.153,155.178,342,155.18744999999998,155.14602000000002,41.72185430463134
2026-02-19 14:50:00+00:00,155.178,155.202,155.174,155.19,298,155.18329999999997,155.15122,45.09803921568445
2026-02-19 14:51:00+00:00,155.19,155.212,155.189,155.21,258,155.1814,155.15688,52.14521452145363
2026-02-19 14:52:00+00:00,155.21,155.24,155.21,155.21,371,155.1827,155.16219999999998,57.66423357664499
2026-02-19 14:53:00+00:00,155.207,155.212,155.19,155.206,277,155.1835,155.16726,52.75590551180812
2026-02-19 14:54:00+00:00,155.208,155.211,155.166,155.18,249,155.18215,155.17106,43.846153846155694
2026-02-19 14:55:00+00:00,155.182,155.223,155.182,155.212,196,155.18135,155.1748,52.14285714285787
2026-02-19 14:56:00+00:00,155.212,155.214,155.202,155.212,190,155.18095,155.17824000000002,61.34453781513057
2026-02-19 14:57:00+00:00,155.212,155.252,155.211,155.242,197,155.1832,155.18212,71.54471544716002
2026-02-19 14:58:00+00:00,155.24,155.241,155.206,155.21,345,155.1853,155.18526,65.67164179105032
2026-02-19 14:59:00+00:00,155.212,155.22,155.194,155.216,249,155.1865,155.18886,62.90322580645938
2026-02-19 15:00:00+00:00,155.218,155.266,155.182,155.19,510,155.18540000000002,155.19194,58.426966292133514
